id,title,excerpt,content,slug,published,status,image,author_id,category_id
1,Computer Architecture 101,"1- Instruction set architecture (ISA): The interface between software and hardware in a computer system, defining the instructions that a CPU can execute and the format of those instructions.

2- CPU design: The design of the central processing unit (CPU), including the control unit, arithmetic and logic unit (ALU), and registers.

3- Memory hierarchy: The use of different levels of memory (such as cache, RAM, and disk) to store data and instructions, and how the CPU accesses this memory.

4- Input/output (I/O) systems: The design of devices that allow a computer to communicate with the outside world, such as keyboards, mice, displays, and network interfaces.

5- Parallelism: The use of multiple CPUs or other forms of parallelism (such as SIMD instructions or GPUs) to improve performance in a computer system.","Computer architecture is a field of study that focuses on the design and organization of computer systems. It encompasses everything from the physical components of a computer (such as the CPU, memory, and I/O devices) to the software that runs on it.

The goal of computer architecture is to create computer systems that are efficient, reliable, and cost-effective. This involves designing hardware and software components that work together seamlessly to perform tasks and solve problems.

Computer architecture includes both theoretical and practical aspects. Theoretical computer architecture focuses on the mathematical and logical underpinnings of computer design, while practical computer architecture involves designing and implementing computer systems in the real world.",ComputerArchitecture101,2023-03-22 20:24:48.067822+00,published,posts/CA.jpg,1,1
2,Computer Networks 101,Computer networks are a collection of interconnected devices that can communicate and exchange data with each other. The devices in a network can be connected either physically (using cables or other physical connections) or wirelessly (using radio waves or other wireless technologies,"Computer networks can be used for a wide range of purposes, including:

1- Sharing resources: Devices in a network can share resources such as printers, storage devices, and internet connections.

2- Communication: Networks can be used to facilitate communication between users, whether through email, instant messaging, or video conferencing.

3- Collaboration: Networks can enable multiple users to work together on a single project or document, regardless of their physical location.

4- Data transfer: Networks can be used to transfer data between devices, whether for backup purposes or for sharing large files.",ComputerNetworks101,2023-03-23 19:28:59.519292+00,published,posts/networks.jpeg,1,2
4,Web 101,"""In addition to its client-server architecture, the Web is also characterized by its use of hypertext. Hypertext refers to text that contains hyperlinks, which are clickable links that allow users to navigate between different web pages or resources. Hyperlinks are what make the Web a web, rather than a static collection of documents.

Hypertext is based on the idea of non-linear reading, where users can navigate a web of interconnected information rather than reading a document from beginning to end. This allows for a more flexible and dynamic approach to information retrieval, as users can follow their interests and explore related topics as they go.

The use of hypertext has also enabled new forms of content creation and collaboration, such as wikis and blogs. These platforms allow users to create and edit content collaboratively, building on each other's ideas and linking to related resources.

Overall, hypertext is a fundamental feature of the Web that has transformed the way we access and share information online.""","The Web, short for World Wide Web, is a system of interconnected documents and resources accessed through the internet. It was created in 1989 by Tim Berners-Lee, a British computer scientist, and has since become an integral part of modern life.

At its core, the Web is a collection of web pages that are stored on servers and accessed through a web browser. The web pages can include text, images, videos, and other multimedia content, and can be designed using a variety of technologies such as HTML, CSS, and JavaScript.

The Web is based on a client-server model, where web browsers act as clients that request and receive web pages from servers. Users can interact with web pages by clicking links, filling out forms, and performing other actions that trigger requests to servers.

In addition to web pages, the Web also includes other types of resources such as images, videos, and audio files. These resources can be accessed directly through their URLs or embedded within web pages.

The Web has had a profound impact on society, revolutionizing the way people access and share information. It has created new industries and business models, such as e-commerce and online advertising. It has also enabled new forms of communication and social interaction, from email and instant messaging to social media platforms.

Overall, the Web is a vast and dynamic system that continues to evolve and shape the way we live, work, and communicate in the digital age.",Web101,2023-03-23 19:28:21.51172+00,published,posts/Web.jpg,1,3
6,NLP,"Some of the key applications of NLP include:

1- Sentiment analysis: Analyzing the sentiment or emotion expressed in text or speech.

2- Language translation: Translating text or speech from one language to another.

3- Text summarization: Generating a summary of a longer piece of text.

4- Chatbots: Creating computer programs that can converse with humans in natural language.

5- Speech recognition: Converting spoken language into text.

6- Named entity recognition: Identifying and extracting information about named entities such as people, organizations, and locations from text.","NLP stands for natural language processing, which is a field of study in artificial intelligence and computer science that focuses on the interaction between human languages and computers. NLP is concerned with developing algorithms and techniques that enable computers to understand, interpret, and generate human language.

NLP involves the use of computational linguistics, machine learning, and other techniques to analyze and process natural language data, such as text, speech, and even sign language

NLP has many practical applications in fields such as customer service, healthcare, education, and finance. It has also enabled the development of new technologies such as virtual assistants, voice-activated devices, and intelligent search engines.

Overall, NLP is a rapidly evolving field that holds great promise for improving the way we interact with computers and the world around us.",nlp,2023-03-23 21:26:57.558494+00,published,posts/NLP.png,1,5
7,Artificial Intelligence,"Some of the key applications of AI include:

1- Machine learning: Using algorithms and statistical models to enable computers to learn from data and improve their performance over time.

2- Natural language processing: Analyzing and processing natural language data such as text or speech.

3- Computer vision: Enabling computers to interpret and analyze visual data such as images and videos.

4- Robotics: Developing robots that can perform tasks that typically require human intelligence and dexterity.

5- Expert systems: Creating computer programs that can make decisions and solve problems in a specific domain, based on a set of rules and knowledge.","AI stands for artificial intelligence, which is a branch of computer science that focuses on the development of intelligent machines that can perform tasks that typically require human intelligence, such as learning, problem-solving, and decision-making.

AI is based on the idea of creating computer programs that can simulate human intelligence, using techniques such as machine learning, natural language processing, computer vision, and robotics.

AI has many practical applications in fields such as healthcare, finance, transportation, and manufacturing. It has also enabled the development of new technologies such as self-driving cars, intelligent personal assistants, and smart home devices.

Overall, AI is a rapidly evolving field that holds great promise for improving the way we live and work, and has the potential to transform many aspects of society in the years to come.",AI,2023-03-24 01:20:21.520456+00,published,posts/AI.jpeg,1,6
8,Automata Theory,. . .,"Automata theory is a branch of computer science and mathematics that deals with the study of abstract machines and their computational capabilities. It is concerned with the design and analysis of mathematical models of computation, including finite state machines, pushdown automata, and Turing machines.

Automata theory is used in a wide range of applications, including software engineering, artificial intelligence, natural language processing, and cryptography. It provides a theoretical foundation for the study of algorithms and computational complexity, and is used to analyze the efficiency and behavior of various computational systems.

One of the key concepts in automata theory is the idea of formal languages. A formal language is a set of strings of symbols that are generated by a formal grammar. Automata theory is used to study the properties of formal languages, including their syntax, semantics, and complexity.

Another important concept in automata theory is the idea of computability. This refers to the ability of a machine or system to perform a specific computational task. Automata theory is used to determine the computational capabilities of various machines and systems, and to analyze the limits of computation.

Overall, automata theory is a fundamental area of study in computer science and mathematics that provides a theoretical foundation for the design and analysis of computational systems. It continues to play a crucial role in the development of new technologies and applications in fields such as artificial intelligence, robotics, and cryptography.",Automata,2023-03-24 04:47:57.341535+00,published,posts/Automata1.png,1,7
9,Data Science,"Some of the key techniques used in data science include:

1- Statistical modeling: Using statistical models to analyze and interpret data, and make predictions based on that data.

2- Machine learning: Developing algorithms that can learn from data and make predictions based on that learning.

3- Data mining: Using computational techniques to extract patterns and relationships from large datasets.

4- Data visualization: Creating visual representations of data to help understand and communicate insights.","Data science is an interdisciplinary field that involves the use of statistical and computational methods to extract insights and knowledge from data. It combines techniques from mathematics, statistics, computer science, and domain-specific fields to analyze and interpret large and complex datasets.

The goal of data science is to uncover patterns, relationships, and trends in data that can be used to make informed decisions and predictions. It involves a range of tasks, including data acquisition, data cleaning, data analysis, and data visualization.

Data science has many practical applications, including in fields such as business, healthcare, finance, and social sciences. It is used to analyze customer behavior, predict disease outbreaks, detect fraud, and much more.

Overall, data science is a rapidly growing field that holds great promise for improving our understanding of the world around us and enabling us to make data-driven decisions.",DataScience,2023-03-24 22:05:03.088865+00,published,posts/DS.jpg,1,4
11,Artificial Intelligence,. . . . . . . . .,"1- Machine learning: As I mentioned earlier, machine learning is a key technique used in AI, involving the use of algorithms and statistical models to enable computers to learn from data and improve their performance over time. There are several types of machine learning, including supervised learning, unsupervised learning, and reinforcement learning.

2- Deep learning: Deep learning is a subfield of machine learning that involves the use of neural networks, which are complex algorithms that are inspired by the structure and function of the human brain. Deep learning has been particularly successful in tasks such as image and speech recognition.

3- Natural language processing (NLP): NLP is a subfield of AI that focuses on enabling computers to understand, interpret, and generate human language. NLP is used in applications such as chatbots, virtual assistants, and language translation.

4- Robotics: Robotics is a field that combines AI with mechanical engineering to create intelligent machines that can perform tasks that typically require human intelligence and dexterity. Robotics is used in applications such as manufacturing, healthcare, and space exploration.

5- Ethical and societal implications: As AI continues to evolve and become more powerful, there are concerns about its impact on society and the potential for unintended consequences. These include job displacement, bias, privacy, and safety. It is important for researchers, policymakers, and the public to carefully consider these implications and ensure that AI is developed and used in a responsible and ethical manner.

Overall, AI is a rapidly evolving field that holds great promise for improving our ability to solve complex problems and make data-driven decisions. However, it is important to approach AI with caution and ensure that it is developed and used in a way that benefits society as a whole.",AI-MachineLearning,2023-03-24 23:06:27.768494+00,published,posts/AI.jpeg,1,6
10,Machine Learning,"Machine learning involves the following steps:

1- Data collection: Gathering and preparing data that will be used to train a machine learning model.

2- Model training: Using algorithms and statistical models to train a machine learning model on the data.

3- Model evaluation: Evaluating the performance of the machine learning model on a separate set of data, known as the validation or test set.

4- Model deployment: Deploying the machine learning model in a production environment to make predictions or decisions based on new data.

There are several types of machine learning, including:

1- Supervised learning: Learning from labeled data to make predictions on new, unlabeled data.

2- Unsupervised learning: Learning from unlabeled data to identify patterns and relationships in the data.

3- Reinforcement learning: Learning through trial and error by receiving feedback in the form of rewards or penalties","Machine learning is a branch of artificial intelligence that involves the use of algorithms and statistical models to enable computers to learn from data and improve their performance on a specific task over time. It is based on the idea of creating computer programs that can learn and adapt to new data without being explicitly programmed.
Machine learning has many practical applications, including image and speech recognition, natural language processing, fraud detection, and autonomous vehicles. It has also enabled the development of new technologies such as virtual assistants, recommendation systems, and chatbots.

Overall, machine learning is a powerful tool that has the potential to transform many aspects of society and improve our ability to make data-driven decisions.",ml,2023-03-24 22:49:02.514504+00,published,posts/default.jpg,1,8
12,Link Layer,Link Layer - Networks - LANs,"Link Layer is the 6th layer of OSI model. It's responsible for transmitting data between adjacent nodes in a network such as between a computer and a switch or between two switches.
The link layer operates on the physical layer, which is responsible for transmitting bits over a communication channel. The link layer takes care of the details of transmitting data over a particular type of physical medium, such as copper wire, fiber optic cable, or wireless radio waves.",LinkLayer,2023-03-25 04:22:45.993143+00,published,posts/Networks.png,1,2
13,NLP,NLP - Automata - AI - ChatBots,"here is some information on NLP fields:

1- Deep Learning: Deep learning is a subset of machine learning that uses artificial neural networks to model and solve complex problems. Deep learning has been used to develop powerful NLP models, such as language translation systems and sentiment analysis tools.

2- Word Embeddings: Word embeddings are a technique used to represent words as numeric vectors that capture their semantic meaning. Word embeddings have been used to improve the accuracy of NLP models, and have enabled the development of powerful language models such as OpenAI's GPT-3.

3- Chatbots: Chatbots are computer programs that use NLP techniques to simulate human conversation. Chatbots are commonly used in customer service and support, and can help businesses improve customer engagement and reduce costs.

4- Sentiment Analysis: Sentiment analysis is a technique used to determine the emotional tone of a piece of text, such as positive, negative, or neutral. Sentiment analysis has a wide range of applications, from market research and brand monitoring to customer service and social media analysis.

5- Language Translation: Language translation is the process of translating text from one language to another. NLP techniques such as machine translation have made significant advances in recent years, and have enabled people all over the world to communicate more effectively.

6- Ethics: As with all emerging technologies, NLP raises important ethical questions around privacy, bias, and fairness. NLP models can be biased based on the data they are trained on, and can perpetuate existing societal inequalities. It is important for NLP developers to be aware of these issues and to work to mitigate them.",NLP,2023-03-25 15:06:31.478339+00,published,posts/Automata3.png,1,5
15,Microprocessors,Microprocessors - Interfacing - Hardware - Logic,"A microprocessor is a small computer processor that is designed to be used in electronic devices such as computers, smartphones, and other digital devices. It is a programmable device that contains a central processing unit (CPU), memory, and input/output (I/O) ports. Microprocessors are used in a wide range of applications, including embedded systems, control systems, and telecommunications.

Interfacing refers to the process of connecting two different devices or systems so that they can communicate with each other. In the context of microprocessors, interfacing typically involves connecting the microprocessor to other electronic devices such as sensors, displays, and input devices. This allows the microprocessor to read data from these devices and control their behavior.

There are many different types of interfaces that can be used to connect microprocessors to other devices. Some of the most common interfaces include:

1- Serial interfaces: These interfaces use a single data line to transmit data between devices. Examples of serial interfaces include RS-232 and USB.

2- Parallel interfaces: These interfaces use multiple data lines to transmit data between devices. Examples of parallel interfaces include the Centronics printer interface and the SCSI interface.

3- Inter-Integrated Circuit (I2C) interface: This is a serial interface that is commonly used to connect microprocessors to sensors and other low-speed devices.

4- Universal Serial Bus (USB) interface: This is a serial interface that is commonly used to connect microprocessors to a wide range of devices, including printers, cameras, and input devices.

Interfacing microprocessors requires careful consideration of the electrical characteristics of the devices being connected. This includes factors such as voltage levels, signal timing, and noise immunity. In addition, software drivers may be required to enable the microprocessor to communicate with the devices being interfaced. Overall, interfacing is an important aspect of microprocessor design and is essential for enabling microprocessors to interact with the world around them.",Microprocessors-Interfacing,2023-03-27 01:22:32.429625+00,published,posts/microprocessors_mKZLgyo.png,1,12
5,Microprocessors,"Microprocessors come in a variety of architectures, with different instruction sets and performance characteristics. Some of the most common architectures include:

1- x86: Used in most desktop and laptop computers, as well as some servers.

2- ARM: Used in most smartphones and tablets, as well as many other embedded devices.

3- PowerPC: Used in some servers, game consoles, and other specialized devices.

4- MIPS: Used in some routers, set-top boxes, and other embedded devices.

Microprocessors have become increasingly powerful and efficient over time, allowing for more complex and sophisticated devices to be built. They have also enabled the development of new technologies such as artificial intelligence, machine learning, and the Internet of Things.

Overall, the microprocessor is a crucial component of modern computing and has revolutionized the way we interact with technology in our daily lives.","A microprocessor is a computer processor that is used in a wide range of electronic devices, from smartphones and laptops to cars and appliances. It is a small, integrated circuit that contains the processing unit, memory, and input/output interfaces of a computer system.

The microprocessor is the brain of the computer system, responsible for executing instructions and performing calculations. It is designed to process data in binary form, using a series of on/off switches (transistors) to represent 1s and 0s.",Microprocessors,2023-03-27 01:13:32.606253+00,published,posts/microprocessor.jpeg,1,1
